{"stats":{"minecraft:used":{"minecraft:oak_fence":1,"minecraft:oak_trapdoor":2,"minecraft:iron_bars":69,"minecraft:enchanting_table":4,"minecraft:dead_tube_coral_block":1,"minecraft:flint_and_steel":12,"minecraft:armor_stand":5,"minecraft:redstone_ore":16,"minecraft:dead_horn_coral_block":2,"minecraft:spruce_slab":37,"minecraft:redstone":11,"minecraft:carrot_on_a_stick":40,"minecraft:oak_sign":6,"minecraft:black_carpet":101,"minecraft:spruce_planks":8,"minecraft:chest":35,"minecraft:tinted_glass":1,"minecraft:ender_chest":6,"minecraft:stone":1090,"minecraft:grass":14,"minecraft:quartz_stairs":108,"minecraft:bell":6,"minecraft:stone_hoe":3,"minecraft:farmland":5,"minecraft:sculk_sensor":7,"minecraft:orange_stained_glass":2,"minecraft:torch":31,"minecraft:brewing_stand":9,"minecraft:dirt":1334,"minecraft:anvil":4,"minecraft:white_carpet":42,"minecraft:blue_stained_glass":3,"minecraft:spruce_stairs":133,"minecraft:stone_stairs":26,"minecraft:orange_wool":120,"minecraft:oak_wood":176,"minecraft:yellow_carpet":2,"minecraft:pink_carpet":2,"minecraft:glow_lichen":17,"minecraft:spruce_fence":227,"minecraft:granite":24,"minecraft:obsidian":20,"minecraft:glass":367,"minecraft:packed_ice":177,"minecraft:sea_lantern":29,"minecraft:lava_bucket":123,"minecraft:bookshelf":8,"minecraft:coal_ore":92,"minecraft:light_gray_stained_glass":1,"minecraft:quartz_pillar":104,"minecraft:yellow_stained_glass":2,"minecraft:quartz_slab":319,"minecraft:red_wool":3141,"minecraft:oak_stairs":8,"minecraft:lantern":20,"minecraft:grass_block":793,"minecraft:rooted_dirt":101,"minecraft:spawner":2,"minecraft:quartz_block":40,"minecraft:netherite_hoe":42,"minecraft:red_candle":4,"minecraft:smooth_quartz":7,"minecraft:barrel":18,"minecraft:stone_bricks":24,"minecraft:bedrock":3,"minecraft:light_gray_wool":22,"minecraft:tripwire_hook":5,"minecraft:tall_grass":1,"minecraft:reinforced_deepslate":22,"minecraft:magma_block":11,"minecraft:red_carpet":13,"minecraft:redstone_lamp":6,"minecraft:snow":622,"minecraft:black_stained_glass":1,"minecraft:magenta_wool":940,"minecraft:hay_block":6,"minecraft:furnace":1,"minecraft:lime_stained_glass":3,"minecraft:podzol":24,"minecraft:skeleton_skull":5,"minecraft:trapped_chest":2,"minecraft:horn_coral_block":70,"minecraft:cobbled_deepslate":70,"minecraft:seagrass":503,"minecraft:stripped_spruce_wood":48,"minecraft:pointed_dripstone":20,"minecraft:cobbled_deepslate_wall":3,"minecraft:brain_coral_block":45,"minecraft:wheat_seeds":110,"minecraft:emerald_ore":6,"minecraft:water_bucket":97,"minecraft:mossy_stone_bricks":54,"minecraft:diorite":26,"minecraft:end_rod":18,"minecraft:iron_ore":72,"minecraft:tube_coral_block":128,"minecraft:cobblestone_stairs":9,"minecraft:dirt_path":44,"minecraft:spruce_door":6,"minecraft:snow_block":551,"minecraft:lead":1,"minecraft:red_stained_glass":6,"minecraft:glass_bottle":2,"minecraft:prismarine":16,"minecraft:lime_wool":10,"minecraft:oak_planks":47,"minecraft:blue_wool":6,"minecraft:redstone_block":11,"minecraft:composter":6,"minecraft:spruce_sign":21,"minecraft:cauldron":8,"minecraft:beacon":6,"minecraft:stonecutter":4,"minecraft:clay":14,"minecraft:spruce_fence_gate":4,"minecraft:horse_spawn_egg":2,"minecraft:gold_ore":42,"minecraft:deepslate_bricks":58,"minecraft:conduit":1,"minecraft:cracked_stone_bricks":123,"minecraft:oak_leaves":462,"minecraft:white_wool":225,"minecraft:respawn_anchor":3,"minecraft:mossy_cobblestone":30,"minecraft:diamond_block":48,"minecraft:rabbit_spawn_egg":2,"minecraft:sand":1637,"minecraft:yellow_terracotta":8,"minecraft:oak_slab":7,"minecraft:red_bed":4,"minecraft:dead_fire_coral_block":1,"minecraft:light_blue_wool":341,"minecraft:birch_sign":1,"minecraft:blast_furnace":2,"minecraft:blue_ice":184,"minecraft:campfire":18,"minecraft:chiseled_quartz_block":21,"minecraft:note_block":1,"minecraft:stone_brick_wall":21,"minecraft:gray_concrete":35,"minecraft:cobbled_deepslate_stairs":30,"minecraft:smoker":2,"minecraft:spruce_log":3,"minecraft:deepslate_brick_stairs":67,"minecraft:lightning_rod":1,"minecraft:redstone_torch":2,"minecraft:birch_fence":498,"minecraft:deepslate_tiles":12,"minecraft:oak_log":20,"minecraft:lever":1,"minecraft:flower_pot":10,"minecraft:black_wool":26,"minecraft:command_block":33,"minecraft:string":8,"minecraft:oak_button":1,"minecraft:barrier":2060,"minecraft:light_gray_candle":30,"minecraft:stone_button":93,"minecraft:lapis_ore":13,"minecraft:lectern":2,"minecraft:stone_slab":7,"minecraft:red_terracotta":8,"minecraft:spruce_trapdoor":152,"minecraft:oak_pressure_plate":7,"minecraft:diamond_ore":39,"minecraft:gravel":461,"minecraft:yellow_wool":41,"minecraft:soul_lantern":32,"minecraft:fire_coral_block":16,"minecraft:cobblestone":72,"minecraft:end_crystal":3,"minecraft:cobbled_deepslate_slab":11,"minecraft:stripped_oak_wood":1,"minecraft:grindstone":2,"minecraft:andesite":10,"minecraft:white_stained_glass":5,"minecraft:andesite_stairs":6,"minecraft:chain":32,"minecraft:glass_pane":7,"minecraft:yellow_bed":4,"minecraft:ice":45,"minecraft:sea_pickle":60,"minecraft:stripped_oak_log":121,"minecraft:white_concrete":58,"minecraft:kelp":1387,"minecraft:coarse_dirt":66,"minecraft:dandelion":1,"minecraft:splash_potion":21,"minecraft:bone_meal":50,"minecraft:jukebox":1,"minecraft:cobweb":17},"minecraft:dropped":{"minecraft:wheat_seeds":22,"minecraft:barrier":2,"minecraft:red_wool":2,"minecraft:command_block":3,"minecraft:stripped_jungle_log":1,"minecraft:grass_block":1,"minecraft:red_bed":1,"minecraft:grass":2,"minecraft:ice":1,"minecraft:stone_button":69,"minecraft:sand":6,"minecraft:kelp":1,"minecraft:light_gray_wool":1,"minecraft:oak_sign":1,"minecraft:blue_ice":1,"minecraft:chest":1,"minecraft:stone_bricks":1,"minecraft:glass":1},"minecraft:custom":{"minecraft:interact_with_anvil":2,"minecraft:open_barrel":1,"minecraft:fill_cauldron":1,"minecraft:bell_ring":6,"minecraft:leave_game":28,"minecraft:time_since_death":1625830,"minecraft:sprint_one_cm":1026407,"minecraft:walk_one_cm":2069531,"minecraft:drop":28,"minecraft:play_time":1625830,"minecraft:sneak_time":37808,"minecraft:walk_under_water_one_cm":942763,"minecraft:jump":6265,"minecraft:interact_with_brewingstand":1,"minecraft:interact_with_blast_furnace":2,"minecraft:walk_on_water_one_cm":14159,"minecraft:total_world_time":1645558,"minecraft:tune_noteblock":29,"minecraft:pot_flower":3,"minecraft:time_since_rest":1625830,"minecraft:open_enderchest":4,"minecraft:damage_taken":430,"minecraft:interact_with_beacon":6,"minecraft:swim_one_cm":37384,"minecraft:fly_one_cm":7348189,"minecraft:open_chest":20,"minecraft:crouch_one_cm":115081,"minecraft:fall_one_cm":83933,"minecraft:use_cauldron":2},"minecraft:picked_up":{"minecraft:black_carpet":1,"minecraft:red_bed":1,"minecraft:chest":1,"minecraft:torch":1,"minecraft:stone_button":10,"minecraft:pointed_dripstone":4,"minecraft:redstone":2,"minecraft:iron_bars":3,"minecraft:skeleton_skull":1,"minecraft:cobblestone":31,"minecraft:barrier":1,"minecraft:ice":1,"minecraft:glass":1,"minecraft:apple":6,"minecraft:kelp":4,"minecraft:wheat_seeds":24,"minecraft:red_wool":1,"minecraft:dandelion":1,"minecraft:gravel":810,"minecraft:sand":180,"minecraft:light_gray_candle":1,"minecraft:soul_lantern":2,"minecraft:blue_ice":1,"minecraft:bone_meal":2,"minecraft:emerald":2,"minecraft:oak_button":10,"minecraft:oak_sapling":1}},"DataVersion":3337}